Title,Description,Labels,Milestone,Weight,Due Date,Confidential
Bootstraper le repo & Docker Compose,Initialiser solution .NET + React, config Docker (api, db, proxy), variables d'env, README démarrage.,infra,setup,"Jalon A (19-09-2025)",2,,
Modèle de données initial (Org, User, Lead, Stage, Task),EF Core entities + migrations. Ajout des contraintes et indexes clés.,backend,data,"Jalon A (19-09-2025)",3,,
Auth & JWT (multi-tenant),ASP.NET Identity, login/register/reset, JWT + refresh, résolution org par header X-Org-Id.,backend,auth,security,"Jalon A (19-09-2025)",3,,
Filtre global EF Core par org_id,HasQueryFilter sur entités tenantées, tests d'isolation des données.,backend,security,"Jalon A (19-09-2025)",2,,
Seed de données (50 leads de démo),Script de seed pour démo et tests. Documentation incluse.,backend,data,docs,"Jalon A (19-09-2025)",1,,
CRUD Leads (API) + validation,Endpoints REST + validations e-mail/téléphone + pagination/tri.,backend,api,"Jalon A (19-09-2025)",3,,
UI Liste Leads + Détail,Tableau (tri/filtres) + page détail lead (notes, tâches).,frontend,ui,"Jalon A (19-09-2025)",3,,
Recherche & Filtres,Recherche texte et filtres combinables (étape, owner, tag, dates).,backend,frontend,feature,"Jalon A (19-09-2025)",3,,
Kanban Pipeline (drag & drop),Board par étapes, déplacement de cartes, recalcul métriques.,frontend,feature,"Jalon B (Oct-2025)",3,,
Gestion des étapes (org),CRUD des étapes, ordre personnalisable par org.,backend,feature,"Jalon B (Oct-2025)",2,,
Tâches & Rappels + Vue 'Ma journée',CRUD tâches, rappels, vue utilisateur des tâches dues/à venir.,backend,frontend,feature,"Jalon B (Oct-2025)",3,,
Emails de résumé quotidien (7:00),Job Hangfire pour envoi quotidien des tâches à venir.,backend,jobs,"Jalon B (Oct-2025)",2,,
Import CSV (mapping + rapport d'erreurs),Upload CSV, mapping colonnes→champs, aperçu, import, rapport.,backend,frontend,feature,"Jalon B (Oct-2025)",3,,
Export CSV (avec filtres),Exporter la liste actuelle filtrée en CSV.,backend,frontend,feature,"Jalon B (Oct-2025)",1,,
Rapports: Funnel + Ventes gagnées,Graphiques funnel, histogramme des ventes gagnées par période.,backend,frontend,analytics,"Jalon B (Oct-2025)",2,,
Logs & Observabilité,Serilog + traces (corrélation org_id), niveaux de logs, dashboard simple.,infra,observability,"Jalon A (19-09-2025)",2,,
CI GitHub Actions: build/lint/test + image,Pipeline: restore, build, test; build image Docker; push registry.,infra,ci,"Jalon A (19-09-2025)",2,,
Accessibilité de base (Lighthouse ≥ 90),Audit accessibilité, correctifs clavier/ARIA/contrastes.,frontend,ux,quality,"Jalon B (Oct-2025)",1,,
Documentation (manuel utilisateur + technique),Rédaction initiale; mise à jour continue; section FAQ.,docs,quality,"Jalon B (Oct-2025)",2,,
